,,,,,,,,,,,,,,,,,,,,,,,,,,,,,,,,,,,,,,
タイムスタンプ,MONTH,name,How many shifts do you want?,Column 36, [1日], [2日], [3日], [4日], [5日], [6日], [7日], [8日], [9日], [10日], [11日], [12日], [13日], [14日], [15日], [16日], [17日], [18日], [19日], [20日], [21日], [22日], [23日], [24日], [25日], [26日], [27日], [28日], [29日], [30日], [31日],other memo,メールアドレス, [Row 32]
,September（9月）,Employee 001,,6,CANNOT WORK,C(10-15),CANNOT WORK,CANNOT WORK,"C(10-15), F(10-19)",N(19-10),CANNOT WORK,CANNOT WORK,CANNOT WORK,"C(10-15), F(10-19), N(19-10)",CANNOT WORK,CANNOT WORK,N(19-10),C(10-15),"C(10-15), F(10-19)",CANNOT WORK,CANNOT WORK,C(10-15),CANNOT WORK,N(19-10),"C(10-15), F(10-19), N(19-10)",C(10-15),CANNOT WORK,CANNOT WORK,"C(10-15), F(10-19)",C(10-15),N(19-10),CANNOT WORK,CANNOT WORK,"C(10-15), F(10-19)",CANNOT WORK,,employee001@example.com,
,September（9月）,Employee 002,,7,CANNOT WORK,CANNOT WORK,CANNOT WORK,C(10-15),N(19-10),CANNOT WORK,CANNOT WORK,C(10-15),"C(10-15), F(10-19), N(19-10)","C(10-15), F(10-19)",CANNOT WORK,N(19-10),CANNOT WORK,CANNOT WORK,"C(10-15), F(10-19)",C(10-15),CANNOT WORK,CANNOT WORK,N(19-10),"C(10-15), F(10-19), N(19-10)",CANNOT WORK,CANNOT WORK,CANNOT WORK,C(10-15),"C(10-15), F(10-19)",N(19-10),CANNOT WORK,C(10-15),CANNOT WORK,"C(10-15), F(10-19)","C(10-15), F(10-19), N(19-10)",,employee002@example.com,
,September（9月）,Employee 003,,8,CANNOT WORK,C(10-15),CANNOT WORK,N(19-10),"C(10-15), F(10-19)",C(10-15),CANNOT WORK,"C(10-15), F(10-19), N(19-10)",CANNOT WORK,"C(10-15), F(10-19)",N(19-10),CANNOT WORK,CANNOT WORK,C(10-15),"C(10-15), F(10-19)",CANNOT WORK,CANNOT WORK,N(19-10),"C(10-15), F(10-19), N(19-10)","C(10-15), F(10-19)",CANNOT WORK,C(10-15),CANNOT WORK,CANNOT WORK,N(19-10),C(10-15),CANNOT WORK,CANNOT WORK,CANNOT WORK,"C(10-15), F(10-19), N(19-10)",CANNOT WORK,,employee003@example.com,
,September（9月）,Employee 004,,9,CANNOT WORK,CANNOT WORK,N(19-10),C(10-15),"C(10-15), F(10-19)",CANNOT WORK,"C(10-15), F(10-19), N(19-10)",C(10-15),CANNOT WORK,N(19-10),CANNOT WORK,C(10-15),CANNOT WORK,CANNOT WORK,"C(10-15), F(10-19)",C(10-15),N(19-10),"C(10-15), F(10-19), N(19-10)",CANNOT WORK,"C(10-15), F(10-19)",CANNOT WORK,CANNOT WORK,CANNOT WORK,N(19-10),"C(10-15), F(10-19)",CANNOT WORK,CANNOT WORK,C(10-15),"C(10-15), F(10-19), N(19-10)","C(10-15), F(10-19)",N(19-10),,employee004@example.com,
,September（9月）,Employee 005,,10,"C(10-15), F(10-19)",N(19-10),"C(10-15), F(10-19)","C(10-15), F(10-19)","C(10-15), F(10-19)","C(10-15), F(10-19), N(19-10)","C(10-15), F(10-19)","C(10-15), F(10-19)",N(19-10),"C(10-15), F(10-19)","C(10-15), F(10-19)","C(10-15), F(10-19)","C(10-15), F(10-19)","C(10-15), F(10-19)","C(10-15), F(10-19)",N(19-10),"C(10-15), F(10-19), N(19-10)","C(10-15), F(10-19)","C(10-15), F(10-19)","C(10-15), F(10-19)","C(10-15), F(10-19)","C(10-15), F(10-19)",N(19-10),"C(10-15), F(10-19)","C(10-15), F(10-19)","C(10-15), F(10-19)","C(10-15), F(10-19)","C(10-15), F(10-19), N(19-10)","C(10-15), F(10-19)",N(19-10),"C(10-15), F(10-19)",,employee005@example.com,
,September（9月）,Employee 006,,11,N(19-10),CANNOT WORK,CANNOT WORK,C(10-15),"C(10-15), F(10-19), N(19-10)",CANNOT WORK,CANNOT WORK,N(19-10),CANNOT WORK,"C(10-15), F(10-19)",CANNOT WORK,C(10-15),CANNOT WORK,CANNOT WORK,N(19-10),"C(10-15), F(10-19), N(19-10)",CANNOT WORK,CANNOT WORK,CANNOT WORK,"C(10-15), F(10-19)",CANNOT WORK,N(19-10),CANNOT WORK,C(10-15),"C(10-15), F(10-19)",CANNOT WORK,"C(10-15), F(10-19), N(19-10)",C(10-15),N(19-10),"C(10-15), F(10-19)",CANNOT WORK,,employee006@example.com,
,September（9月）,Employee 007,,12,CANNOT WORK,C(10-15),CANNOT WORK,"C(10-15), F(10-19), N(19-10)","C(10-15), F(10-19)",C(10-15),N(19-10),CANNOT WORK,CANNOT WORK,"C(10-15), F(10-19)",CANNOT WORK,CANNOT WORK,CANNOT WORK,N(19-10),"C(10-15), F(10-19), N(19-10)",CANNOT WORK,CANNOT WORK,C(10-15),CANNOT WORK,"C(10-15), F(10-19)",N(19-10),C(10-15),CANNOT WORK,CANNOT WORK,"C(10-15), F(10-19)","C(10-15), F(10-19), N(19-10)",CANNOT WORK,N(19-10),CANNOT WORK,"C(10-15), F(10-19)",CANNOT WORK,,employee007@example.com,
,September（9月）,Employee 008,,13,CANNOT WORK,CANNOT WORK,"C(10-15), F(10-19), N(19-10)",C(10-15),"C(10-15), F(10-19)",N(19-10),CANNOT WORK,C(10-15),CANNOT WORK,"C(10-15), F(10-19)",CANNOT WORK,C(10-15),N(19-10),"C(10-15), F(10-19), N(19-10)","C(10-15), F(10-19)",C(10-15),CANNOT WORK,CANNOT WORK,CANNOT WORK,N(19-10),CANNOT WORK,CANNOT WORK,CANNOT WORK,C(10-15),"C(10-15), F(10-19), N(19-10)",CANNOT WORK,N(19-10),C(10-15),CANNOT WORK,"C(10-15), F(10-19)",CANNOT WORK,,employee008@example.com,
